Provider Name,Specialty,Provider Credentials
Dr. James Hopper,Gastroenterologist,"MBBS, MD, MS"
Dr. Michele Wheeler,Orthopedician ,"MBBS, MS"
Penny Smirnoff,Doctor of Nursing Practice,DNP
Dr. Santosh Varghese,Otolaryngologist,"MBBS, MD, MS"
Nancy Hanks,General Nurse ,RN
Jenny Parkins,General Nurse ,RN
Dr. Axiele Robert,Ophthalmologist,"MBBS, MD, MS"
Dr. Kim Nongthambam,General Surgeon,"MBBS, MD, MS"
Dr. Bob Hofstader,General Physician,"MBBS, MD"
Dr. Erica West,Pediatrician,"MBBD, MD, MS"
Luke Sinclair,Pediatric Nursing ,CPN
Dr. Will Burgers ,Dentist,"BDS, MDS"
Paris John ,General Nurse ,RN
Jonathan Wither,Gynae Dept Nurse,DNP
Dr. Judy James,Neurologist,"MBBS, MD, MS"
Jemcy John,Operating Room Nurse,CNOR
Dr. Emmanuel W. Thomas,Dermatologist,"MBBS, MD"
Dr. Maxine Clarke,Gynecologist,"MBBS, MD, MS"
Santra Stanly,Critical Care ,CCRN
Dr. Cristiana Ortis,Internal Medicine Physician ,"MBBS, MD, MS"
